{
  "Version": "2012-10-17",
  "Statement": [
    {
      "Sid": "AppReadWebsiteBucket",
      "Effect": "Allow",
      "Action": [
        "s3:GetObject",
        "s3:ListBucket"
      ],
      "Resource": [
        "arn:aws:s3:::cloudserve-main",
        "arn:aws:s3:::cloudserve-main/*"
      ]
    },
    {
      "Sid": "ListBucketsForDiagnostics",
      "Effect": "Allow",
      "Action": "s3:ListAllMyBuckets",
      "Resource": "*"
    },
    {
      "Sid": "BasicIAMInformation",
      "Effect": "Allow",
      "Action": [
        "iam:ListUsers",
        "iam:ListRoles",
        "iam:ListGroups",
        "iam:GetUser",
        "iam:GetRole",
        "iam:ListAttachedUserPolicies",
        "iam:ListAttachedRolePolicies",
        "iam:ListUserPolicies",
        "iam:ListRolePolicies"
      ],
      "Resource": "*"
    },
    {
      "Sid": "ManageCloudServeUsers",
      "Effect": "Allow",
      "Action": [
        "iam:CreateUser",
        "iam:CreateAccessKey",
        "iam:AttachUserPolicy",
        "iam:PutUserPolicy",
        "iam:ListPolicies"
      ],
      "Resource": "arn:aws:iam::*:user/cloudserve-*"
    }
  ]
}